Gene_Symbol,Description,sample1,sample10,sample11,sample2,sample3,sample4,sample5,sample6,sample7,sample8,sample9,sample12,sample13,Mean_Coverage,Std_Coverage,Min_Coverage,Max_Coverage,Detected_Samples,Detection_Rate
RPS26,40S ribosomal protein S26 OS=Homo sapiens OX=9606 GN=RPS26 PE=1 SV=3,39.0,59.0,52.0,52.0,52.0,59.0,52.0,39.0,59.0,52.0,59.0,,,52.18181818181818,7.305041845440473,39.0,59.0,11,84.61538461538461
RPS19,40S ribosomal protein S19 OS=Homo sapiens OX=9606 GN=RPS19 PE=1 SV=2,69.0,77.0,76.0,66.0,46.0,77.0,78.0,79.0,76.0,69.0,80.0,30.0,,68.58333333333333,15.329462620797385,30.0,80.0,12,92.3076923076923
RPS14,40S ribosomal protein S14 OS=Homo sapiens OX=9606 GN=RPS14 PE=1 SV=3,43.0,43.0,43.0,43.0,42.0,43.0,43.0,43.0,43.0,43.0,43.0,20.0,,41.0,6.619530332144556,20.0,43.0,12,92.3076923076923
RPS25,40S ribosomal protein S25 OS=Homo sapiens OX=9606 GN=RPS25 PE=1 SV=1,50.0,55.0,50.0,48.0,42.0,57.0,55.0,62.0,50.0,48.0,50.0,25.0,,49.333333333333336,9.217900898235833,25.0,62.0,12,92.3076923076923
EIF3B,Eukaryotic translation initiation factor 3 subunit B OS=Homo sapiens OX=9606 GN=EIF3B PE=1 SV=3,18.0,7.0,24.0,4.0,,4.0,7.0,14.0,21.0,7.0,11.0,,,11.7,7.211872926716826,4.0,24.0,10,76.92307692307692
RPS4X,"40S ribosomal protein S4, X isoform OS=Homo sapiens OX=9606 GN=RPS4X PE=1 SV=2",48.0,72.0,73.0,66.0,41.0,62.0,76.0,78.0,77.0,67.0,71.0,12.0,,61.916666666666664,19.439689173222785,12.0,78.0,12,92.3076923076923
RPL5,60S ribosomal protein L5 OS=Homo sapiens OX=9606 GN=RPL5 PE=1 SV=3,14.0,56.0,25.0,42.0,35.0,52.0,58.0,62.0,27.0,43.0,64.0,,,43.45454545454545,16.61543641535567,14.0,64.0,11,84.61538461538461
EIF3G,Eukaryotic translation initiation factor 3 subunit G OS=Homo sapiens OX=9606 GN=EIF3G PE=1 SV=2,13.0,,39.0,,,,15.0,10.0,15.0,,,,,18.4,11.696153213770756,10.0,39.0,5,38.46153846153846
RPS5,40S ribosomal protein S5 OS=Homo sapiens OX=9606 GN=RPS5 PE=1 SV=4,46.0,46.0,46.0,41.0,33.0,46.0,46.0,46.0,46.0,46.0,48.0,15.0,,42.083333333333336,9.414286371190748,15.0,48.0,12,92.3076923076923
RPS9,40S ribosomal protein S9 OS=Homo sapiens OX=9606 GN=RPS9 PE=1 SV=3,62.0,63.0,58.0,58.0,9.0,63.0,63.0,65.0,66.0,62.0,65.0,,,57.63636363636363,16.335683195218543,9.0,66.0,11,84.61538461538461
RPL26,60S ribosomal protein L26 OS=Homo sapiens OX=9606 GN=RPL26 PE=1 SV=1,19.0,69.0,40.0,48.0,42.0,68.0,68.0,71.0,17.0,50.0,60.0,,,50.18181818181818,19.410400211320642,17.0,71.0,11,84.61538461538461
RPS3A,40S ribosomal protein S3a OS=Homo sapiens OX=9606 GN=RPS3A PE=1 SV=2,66.0,73.0,73.0,73.0,55.0,67.0,67.0,74.0,74.0,60.0,77.0,25.0,,65.33333333333333,14.2403609079222,25.0,77.0,12,92.3076923076923
RPS2,40S ribosomal protein S2 OS=Homo sapiens OX=9606 GN=RPS2 PE=1 SV=2,43.0,53.0,56.0,49.0,33.0,53.0,53.0,49.0,48.0,39.0,50.0,13.0,,44.916666666666664,12.011042898730796,13.0,56.0,12,92.3076923076923
RRBP1,Ribosome-binding protein 1 OS=Homo sapiens OX=9606 GN=RRBP1 PE=1 SV=5,2.0,,,,,,,2.0,,,,,,2.0,0.0,2.0,2.0,2,15.384615384615385
EIF3L,Eukaryotic translation initiation factor 3 subunit L OS=Homo sapiens OX=9606 GN=EIF3L PE=1 SV=1,25.0,11.0,33.0,13.0,,3.0,17.0,21.0,39.0,31.0,20.0,,,21.3,10.99545360592277,3.0,39.0,10,76.92307692307692
RPL11,60S ribosomal protein L11 OS=Homo sapiens OX=9606 GN=RPL11 PE=1 SV=2,15.0,42.0,25.0,29.0,35.0,48.0,49.0,50.0,15.0,39.0,49.0,13.0,,34.083333333333336,14.33659230039966,13.0,50.0,12,92.3076923076923
RPS23,40S ribosomal protein S23 OS=Homo sapiens OX=9606 GN=RPS23 PE=1 SV=3,35.0,35.0,41.0,30.0,30.0,35.0,37.0,56.0,35.0,30.0,37.0,15.0,,34.666666666666664,9.335497584570152,15.0,56.0,12,92.3076923076923
RPS3,40S ribosomal protein S3 OS=Homo sapiens OX=9606 GN=RPS3 PE=1 SV=2,79.0,85.0,88.0,79.0,56.0,73.0,87.0,90.0,88.0,72.0,87.0,18.0,,75.16666666666667,20.46208615212461,18.0,90.0,12,92.3076923076923
RPL17,60S ribosomal protein L17 OS=Homo sapiens OX=9606 GN=RPL17 PE=1 SV=3,16.0,53.0,18.0,29.0,28.0,47.0,49.0,49.0,18.0,48.0,58.0,,,37.54545454545455,15.845274603891447,16.0,58.0,11,84.61538461538461
RPL30,60S ribosomal protein L30 OS=Homo sapiens OX=9606 GN=RPL30 PE=1 SV=2,41.0,75.0,49.0,67.0,51.0,77.0,82.0,75.0,44.0,67.0,77.0,,,64.0909090909091,14.983020693134918,41.0,82.0,11,84.61538461538461
RPL7A,60S ribosomal protein L7a OS=Homo sapiens OX=9606 GN=RPL7A PE=1 SV=2,35.0,52.0,40.0,48.0,49.0,55.0,58.0,57.0,34.0,49.0,59.0,12.0,,45.666666666666664,13.580288745981893,12.0,59.0,12,92.3076923076923
EIF3H,Eukaryotic translation initiation factor 3 subunit H OS=Homo sapiens OX=9606 GN=EIF3H PE=1 SV=1,22.0,6.0,30.0,12.0,,,15.0,14.0,41.0,25.0,13.0,,,19.77777777777778,10.837178804672574,6.0,41.0,9,69.23076923076923
FAU,FAU ubiquitin-like and ribosomal protein S30 OS=Homo sapiens OX=9606 GN=FAU PE=1 SV=2,9.0,9.0,9.0,9.0,9.0,9.0,9.0,9.0,9.0,9.0,9.0,,,9.0,0.0,9.0,9.0,11,84.61538461538461
RPS17,40S ribosomal protein S17 OS=Homo sapiens OX=9606 GN=RPS17 PE=1 SV=2,47.0,66.0,50.0,30.0,30.0,47.0,47.0,48.0,66.0,47.0,47.0,15.0,,45.0,14.415900312439103,15.0,66.0,12,92.3076923076923
RPS15A,40S ribosomal protein S15a OS=Homo sapiens OX=9606 GN=RPS15A PE=1 SV=2,63.0,63.0,63.0,63.0,45.0,52.0,52.0,65.0,82.0,63.0,68.0,18.0,,58.083333333333336,15.640613411205711,18.0,82.0,12,92.3076923076923
EIF3F,Eukaryotic translation initiation factor 3 subunit F OS=Homo sapiens OX=9606 GN=EIF3F PE=1 SV=1,25.0,10.0,28.0,13.0,,8.0,21.0,14.0,32.0,13.0,14.0,,,17.8,8.162243700247023,8.0,32.0,10,76.92307692307692
RPS28,40S ribosomal protein S28 OS=Homo sapiens OX=9606 GN=RPS28 PE=1 SV=1,61.0,61.0,72.0,57.0,46.0,68.0,68.0,72.0,61.0,61.0,72.0,46.0,,62.083333333333336,9.110017795944431,46.0,72.0,12,92.3076923076923
RPL27A,60S ribosomal protein L27a OS=Homo sapiens OX=9606 GN=RPL27A PE=1 SV=2,18.0,33.0,32.0,17.0,29.0,41.0,36.0,48.0,17.0,32.0,48.0,9.0,,30.0,12.598701231764833,9.0,48.0,12,92.3076923076923
RPS16,40S ribosomal protein S16 OS=Homo sapiens OX=9606 GN=RPS16 PE=1 SV=2,65.0,79.0,79.0,68.0,68.0,77.0,78.0,71.0,70.0,70.0,71.0,35.0,,69.25,11.786934214706477,35.0,79.0,12,92.3076923076923
RPLP2,60S acidic ribosomal protein P2 OS=Homo sapiens OX=9606 GN=RPLP2 PE=1 SV=1,56.0,96.0,74.0,73.0,73.0,81.0,81.0,96.0,27.0,73.0,81.0,,,73.72727272727273,19.1054490085468,27.0,96.0,11,84.61538461538461
RPL15,60S ribosomal protein L15 OS=Homo sapiens OX=9606 GN=RPL15 PE=1 SV=2,10.0,53.0,15.0,36.0,30.0,50.0,49.0,56.0,15.0,32.0,61.0,,,37.0,18.10524785801067,10.0,61.0,11,84.61538461538461
RPL7,60S ribosomal protein L7 OS=Homo sapiens OX=9606 GN=RPL7 PE=1 SV=1,10.0,45.0,,23.0,29.0,52.0,47.0,54.0,15.0,31.0,65.0,,,37.1,18.168654325513486,10.0,65.0,10,76.92307692307692
RPL36A,60S ribosomal protein L36a OS=Homo sapiens OX=9606 GN=RPL36A PE=1 SV=2,18.0,47.0,18.0,27.0,27.0,45.0,56.0,58.0,,27.0,57.0,,,38.0,16.254913786982144,18.0,58.0,10,76.92307692307692
RPL23A,60S ribosomal protein L23a OS=Homo sapiens OX=9606 GN=RPL23A PE=1 SV=1,14.0,46.0,14.0,36.0,41.0,46.0,46.0,56.0,21.0,42.0,58.0,,,38.18181818181818,15.445505377411138,14.0,58.0,11,84.61538461538461
RPS12,40S ribosomal protein S12 OS=Homo sapiens OX=9606 GN=RPS12 PE=1 SV=3,67.0,85.0,89.0,81.0,67.0,67.0,84.0,89.0,89.0,84.0,89.0,,,81.0,9.370165420097983,67.0,89.0,11,84.61538461538461
EIF3A,Eukaryotic translation initiation factor 3 subunit A OS=Homo sapiens OX=9606 GN=EIF3A PE=1 SV=1,16.0,8.0,31.0,5.0,,6.0,22.0,20.0,25.0,16.0,10.0,,,15.9,8.685236515681845,5.0,31.0,10,76.92307692307692
RPS7,40S ribosomal protein S7 OS=Homo sapiens OX=9606 GN=RPS7 PE=1 SV=1,56.0,55.0,61.0,44.0,19.0,36.0,45.0,61.0,75.0,59.0,64.0,,,52.27272727272727,15.38239844166643,19.0,75.0,11,84.61538461538461
RPL37A,60S ribosomal protein L37a OS=Homo sapiens OX=9606 GN=RPL37A PE=1 SV=2,18.0,67.0,18.0,32.0,39.0,52.0,66.0,67.0,38.0,59.0,60.0,,,46.90909090909091,18.8438560037724,18.0,67.0,11,84.61538461538461
EIF3M,Eukaryotic translation initiation factor 3 subunit M OS=Homo sapiens OX=9606 GN=EIF3M PE=1 SV=1,15.0,10.0,23.0,7.0,,,5.0,10.0,37.0,16.0,,,,15.375,10.432606851323676,5.0,37.0,8,61.53846153846154
RPL10A,60S ribosomal protein L10a OS=Homo sapiens OX=9606 GN=RPL10A PE=1 SV=2,27.0,52.0,,31.0,15.0,56.0,56.0,54.0,14.0,39.0,52.0,,,39.6,16.8206222635589,14.0,56.0,10,76.92307692307692
RPS10,40S ribosomal protein S10 OS=Homo sapiens OX=9606 GN=RPS10 PE=1 SV=1,56.0,62.0,68.0,60.0,21.0,55.0,64.0,67.0,66.0,51.0,68.0,,,58.0,13.535139452550904,21.0,68.0,11,84.61538461538461
RPS27AP5,Ubiquitin carboxyl extension protein 80 OS=Homo sapiens OX=9606 GN=RPS27AP5 PE=3 SV=1,35.0,,,,,,,,,,,,,35.0,,35.0,35.0,1,7.6923076923076925
RPL35,60S ribosomal protein L35 OS=Homo sapiens OX=9606 GN=RPL35 PE=1 SV=2,22.0,51.0,30.0,27.0,33.0,51.0,44.0,45.0,30.0,45.0,53.0,,,39.18181818181818,11.00743550349655,22.0,53.0,11,84.61538461538461
RPS20,40S ribosomal protein S20 OS=Homo sapiens OX=9606 GN=RPS20 PE=1 SV=1,50.0,54.0,46.0,32.0,29.0,57.0,53.0,54.0,39.0,39.0,57.0,,,46.36363636363637,10.082387884551231,29.0,57.0,11,84.61538461538461
RPL34,60S ribosomal protein L34 OS=Homo sapiens OX=9606 GN=RPL34 PE=1 SV=3,15.0,38.0,23.0,23.0,37.0,38.0,38.0,42.0,21.0,38.0,42.0,15.0,,30.833333333333332,10.503967504392488,15.0,42.0,12,92.3076923076923
RPS29,40S ribosomal protein S29 OS=Homo sapiens OX=9606 GN=RPS29 PE=1 SV=2,50.0,50.0,50.0,50.0,48.0,50.0,50.0,50.0,63.0,50.0,50.0,,,51.0,4.024922359499621,48.0,63.0,11,84.61538461538461
RPLP0,60S acidic ribosomal protein P0 OS=Homo sapiens OX=9606 GN=RPLP0 PE=1 SV=1,20.0,55.0,20.0,32.0,32.0,56.0,54.0,57.0,17.0,45.0,54.0,10.0,,37.666666666666664,17.7832062419133,10.0,57.0,12,92.3076923076923
RPL12,60S ribosomal protein L12 OS=Homo sapiens OX=9606 GN=RPL12 PE=1 SV=1,45.0,69.0,45.0,56.0,50.0,60.0,73.0,80.0,32.0,56.0,73.0,,,58.09090909090909,14.645508154069256,32.0,80.0,11,84.61538461538461
RPL13,60S ribosomal protein L13 OS=Homo sapiens OX=9606 GN=RPL13 PE=1 SV=4,18.0,56.0,27.0,41.0,43.0,56.0,48.0,56.0,19.0,47.0,61.0,19.0,,40.916666666666664,16.115821324701294,18.0,61.0,12,92.3076923076923
RPL3,60S ribosomal protein L3 OS=Homo sapiens OX=9606 GN=RPL3 PE=1 SV=2,16.0,58.0,27.0,28.0,29.0,46.0,50.0,58.0,28.0,34.0,57.0,,,39.18181818181818,15.01877612735593,16.0,58.0,11,84.61538461538461
RPL14,60S ribosomal protein L14 OS=Homo sapiens OX=9606 GN=RPL14 PE=1 SV=4,22.0,43.0,24.0,25.0,28.0,47.0,46.0,45.0,13.0,25.0,53.0,11.0,,31.833333333333332,14.243552502054671,11.0,53.0,12,92.3076923076923
RPS21,40S ribosomal protein S21 OS=Homo sapiens OX=9606 GN=RPS21 PE=1 SV=1,54.0,73.0,73.0,72.0,46.0,72.0,73.0,90.0,80.0,73.0,90.0,45.0,,70.08333333333333,14.773799494887953,45.0,90.0,12,92.3076923076923
EIF3I,Eukaryotic translation initiation factor 3 subunit I OS=Homo sapiens OX=9606 GN=EIF3I PE=1 SV=1,24.0,10.0,45.0,13.0,,,10.0,18.0,28.0,18.0,7.0,,,19.22222222222222,11.861468899105391,7.0,45.0,9,69.23076923076923
RPSA,40S ribosomal protein SA OS=Homo sapiens OX=9606 GN=RPSA PE=1 SV=4,46.0,47.0,54.0,47.0,24.0,32.0,49.0,49.0,64.0,42.0,54.0,17.0,,43.75,13.308404726474032,17.0,64.0,12,92.3076923076923
RPS27L,40S ribosomal protein S27-like OS=Homo sapiens OX=9606 GN=RPS27L PE=1 SV=3,40.0,42.0,42.0,40.0,40.0,40.0,38.0,43.0,42.0,42.0,43.0,25.0,,39.75,4.882715339942427,25.0,43.0,12,92.3076923076923
RPS11,40S ribosomal protein S11 OS=Homo sapiens OX=9606 GN=RPS11 PE=1 SV=3,69.0,72.0,73.0,61.0,51.0,70.0,72.0,77.0,73.0,72.0,75.0,28.0,,66.08333333333333,13.905252986050293,28.0,77.0,12,92.3076923076923
RPL18A,60S ribosomal protein L18a OS=Homo sapiens OX=9606 GN=RPL18A PE=1 SV=2,36.0,56.0,30.0,40.0,32.0,60.0,53.0,65.0,31.0,55.0,66.0,,,47.63636363636363,14.037611814498414,30.0,66.0,11,84.61538461538461
RPS27,40S ribosomal protein S27 OS=Homo sapiens OX=9606 GN=RPS27 PE=1 SV=3,40.0,42.0,48.0,40.0,40.0,40.0,40.0,43.0,42.0,42.0,49.0,,,42.36363636363637,3.2333489534143167,40.0,49.0,11,84.61538461538461
RPL13A,60S ribosomal protein L13a OS=Homo sapiens OX=9606 GN=RPL13A PE=1 SV=2,8.0,49.0,10.0,30.0,9.0,51.0,51.0,57.0,19.0,28.0,53.0,,,33.18181818181818,19.594990083274762,8.0,57.0,11,84.61538461538461
RPL19,60S ribosomal protein L19 OS=Homo sapiens OX=9606 GN=RPL19 PE=1 SV=1,35.0,42.0,17.0,36.0,35.0,42.0,46.0,55.0,21.0,40.0,56.0,,,38.63636363636363,12.08530286978963,17.0,56.0,11,84.61538461538461
EIF3E,Eukaryotic translation initiation factor 3 subunit E OS=Homo sapiens OX=9606 GN=EIF3E PE=1 SV=1,24.0,6.0,41.0,,,,8.0,13.0,33.0,22.0,4.0,,,18.875,13.44233716923618,4.0,41.0,8,61.53846153846154
RPL10L,60S ribosomal protein L10-like OS=Homo sapiens OX=9606 GN=RPL10L PE=1 SV=3,7.0,,,,,,,,,,,,,7.0,,7.0,7.0,1,7.6923076923076925
RPL31,60S ribosomal protein L31 OS=Homo sapiens OX=9606 GN=RPL31 PE=1 SV=1,18.0,55.0,26.0,40.0,46.0,55.0,55.0,54.0,22.0,34.0,55.0,,,41.81818181818182,14.613816625496447,18.0,55.0,11,84.61538461538461
RPL28,60S ribosomal protein L28 OS=Homo sapiens OX=9606 GN=RPL28 PE=1 SV=3,16.0,56.0,26.0,42.0,36.0,61.0,64.0,69.0,31.0,50.0,59.0,13.0,,43.583333333333336,19.1237992294862,13.0,69.0,12,92.3076923076923
RPL18,60S ribosomal protein L18 OS=Homo sapiens OX=9606 GN=RPL18 PE=1 SV=2,20.0,48.0,25.0,42.0,31.0,53.0,53.0,51.0,13.0,46.0,53.0,20.0,,37.916666666666664,15.12047578215672,13.0,53.0,12,92.3076923076923
RPS24,40S ribosomal protein S24 OS=Homo sapiens OX=9606 GN=RPS24 PE=1 SV=1,44.0,44.0,44.0,35.0,26.0,35.0,55.0,51.0,44.0,44.0,56.0,,,43.45454545454545,8.92595805909524,26.0,56.0,11,84.61538461538461
EIF3D,Eukaryotic translation initiation factor 3 subunit D OS=Homo sapiens OX=9606 GN=EIF3D PE=1 SV=1,11.0,,16.0,5.0,,,7.0,11.0,22.0,9.0,5.0,,,10.75,5.8248237251071755,5.0,22.0,8,61.53846153846154
RPL4,60S ribosomal protein L4 OS=Homo sapiens OX=9606 GN=RPL4 PE=1 SV=5,21.0,70.0,24.0,37.0,22.0,65.0,68.0,69.0,28.0,42.0,72.0,5.0,,43.583333333333336,24.013096174354278,5.0,72.0,12,92.3076923076923
EIF3K,Eukaryotic translation initiation factor 3 subunit K OS=Homo sapiens OX=9606 GN=EIF3K PE=1 SV=1,27.0,10.0,33.0,,,,,10.0,20.0,22.0,10.0,,,18.857142857142858,9.245333443212877,10.0,33.0,7,53.84615384615385
RPS18,40S ribosomal protein S18 OS=Homo sapiens OX=9606 GN=RPS18 PE=1 SV=3,70.0,70.0,70.0,64.0,49.0,70.0,66.0,70.0,70.0,68.0,70.0,13.0,,62.5,16.708734786985463,13.0,70.0,12,92.3076923076923
RPL8,60S ribosomal protein L8 OS=Homo sapiens OX=9606 GN=RPL8 PE=1 SV=2,8.0,49.0,,32.0,26.0,37.0,50.0,40.0,,32.0,62.0,,,37.333333333333336,15.644487847162015,8.0,62.0,9,69.23076923076923
RPS8,40S ribosomal protein S8 OS=Homo sapiens OX=9606 GN=RPS8 PE=1 SV=2,60.0,61.0,61.0,60.0,52.0,61.0,60.0,63.0,62.0,59.0,62.0,29.0,,57.5,9.395356686828194,29.0,63.0,12,92.3076923076923
RPS15,40S ribosomal protein S15 OS=Homo sapiens OX=9606 GN=RPS15 PE=1 SV=2,29.0,29.0,30.0,29.0,23.0,29.0,42.0,23.0,48.0,28.0,29.0,14.0,,29.416666666666668,8.67030809280976,14.0,48.0,12,92.3076923076923
RPL23,60S ribosomal protein L23 OS=Homo sapiens OX=9606 GN=RPL23 PE=1 SV=1,13.0,58.0,21.0,51.0,40.0,58.0,54.0,59.0,21.0,51.0,61.0,,,44.27272727272727,17.71491410699419,13.0,61.0,11,84.61538461538461
RPS6,40S ribosomal protein S6 OS=Homo sapiens OX=9606 GN=RPS6 PE=1 SV=1,43.0,56.0,51.0,46.0,38.0,47.0,49.0,63.0,49.0,45.0,56.0,7.0,,45.833333333333336,13.907704426836315,7.0,63.0,12,92.3076923076923
EIF3CL,Eukaryotic translation initiation factor 3 subunit C-like protein OS=Homo sapiens OX=9606 GN=EIF3CL PE=1 SV=1,14.0,,,6.0,,2.0,11.0,,,13.0,5.0,,,8.5,4.847679857416329,2.0,14.0,6,46.15384615384615
RPS13,40S ribosomal protein S13 OS=Homo sapiens OX=9606 GN=RPS13 PE=1 SV=2,46.0,55.0,51.0,34.0,34.0,50.0,50.0,56.0,56.0,46.0,56.0,,,48.54545454545455,8.091521937974788,34.0,56.0,11,84.61538461538461
RPL21,60S ribosomal protein L21 OS=Homo sapiens OX=9606 GN=RPL21 PE=1 SV=2,,49.0,,32.0,27.0,33.0,49.0,55.0,,27.0,56.0,,,41.0,12.45563555756418,27.0,56.0,8,61.53846153846154
RPL22,60S ribosomal protein L22 OS=Homo sapiens OX=9606 GN=RPL22 PE=1 SV=2,,48.0,19.0,24.0,21.0,37.0,42.0,37.0,,24.0,38.0,,,32.22222222222222,10.365541203644142,19.0,48.0,9,69.23076923076923
RPL24,60S ribosomal protein L24 OS=Homo sapiens OX=9606 GN=RPL24 PE=1 SV=1,,57.0,18.0,36.0,36.0,52.0,49.0,58.0,21.0,35.0,54.0,13.0,,39.0,16.291101865742537,13.0,58.0,11,84.61538461538461
RPL32,60S ribosomal protein L32 OS=Homo sapiens OX=9606 GN=RPL32 PE=1 SV=2,,67.0,,15.0,27.0,67.0,55.0,60.0,,21.0,67.0,,,47.375,22.462269952713406,15.0,67.0,8,61.53846153846154
RPL38,60S ribosomal protein L38 OS=Homo sapiens OX=9606 GN=RPL38 PE=1 SV=2,,57.0,,31.0,17.0,53.0,34.0,57.0,,50.0,57.0,,,44.5,15.212776585113298,17.0,57.0,8,61.53846153846154
RPL27,60S ribosomal protein L27 OS=Homo sapiens OX=9606 GN=RPL27 PE=1 SV=2,,68.0,21.0,46.0,38.0,60.0,65.0,71.0,42.0,54.0,71.0,,,53.6,16.607896381607823,21.0,71.0,10,76.92307692307692
RPL10,60S ribosomal protein L10 OS=Homo sapiens OX=9606 GN=RPL10 PE=1 SV=5,,66.0,17.0,23.0,22.0,56.0,50.0,79.0,24.0,31.0,74.0,,,44.2,23.59755166207809,17.0,79.0,10,76.92307692307692
RPL26L1,60S ribosomal protein L26-like 1 OS=Homo sapiens OX=9606 GN=RPL26L1 PE=1 SV=1,,61.0,,,,62.0,68.0,68.0,,,57.0,,,63.2,4.764451699828639,57.0,68.0,5,38.46153846153846
RPL29,60S ribosomal protein L29 OS=Homo sapiens OX=9606 GN=RPL29 PE=1 SV=2,,23.0,14.0,20.0,23.0,23.0,23.0,23.0,,21.0,23.0,,,21.444444444444443,3.0046260628866577,14.0,23.0,9,69.23076923076923
LAS1L,Ribosomal biogenesis protein LAS1L OS=Homo sapiens OX=9606 GN=LAS1L PE=1 SV=2,,14.0,9.0,10.0,,7.0,15.0,26.0,4.0,12.0,13.0,,,12.222222222222221,6.240548408949685,4.0,26.0,9,69.23076923076923
RPL22L1,60S ribosomal protein L22-like 1 OS=Homo sapiens OX=9606 GN=RPL22L1 PE=1 SV=2,,22.0,,,,22.0,16.0,16.0,,,17.0,,,18.6,3.1304951684997055,16.0,22.0,5,38.46153846153846
EIF3C,Eukaryotic translation initiation factor 3 subunit C OS=Homo sapiens OX=9606 GN=EIF3C PE=1 SV=1,,7.0,23.0,,,,,13.0,21.0,,,,,16.0,7.393691004272944,7.0,23.0,4,30.76923076923077
RPL36AL,60S ribosomal protein L36a-like OS=Homo sapiens OX=9606 GN=RPL36AL PE=1 SV=3,,45.0,,27.0,,45.0,54.0,57.0,18.0,27.0,56.0,,,41.125,15.132155922311362,18.0,57.0,8,61.53846153846154
RPL6,60S ribosomal protein L6 OS=Homo sapiens OX=9606 GN=RPL6 PE=1 SV=3,,57.0,6.0,34.0,17.0,53.0,57.0,58.0,,30.0,63.0,,,41.666666666666664,20.603397778036516,6.0,63.0,9,69.23076923076923
RPL39,60S ribosomal protein L39 OS=Homo sapiens OX=9606 GN=RPL39 PE=1 SV=2,,24.0,,,,24.0,,24.0,,,24.0,,,24.0,0.0,24.0,24.0,4,30.76923076923077
RPL9; RPL9P7; RPL9P8; RPL9P9,60S ribosomal protein L9 OS=Homo sapiens OX=9606 GN=RPL9P9 PE=1 SV=1,,30.0,,11.0,11.0,27.0,23.0,51.0,,15.0,41.0,,,26.125,14.376940862764533,11.0,51.0,8,61.53846153846154
RSL1D1,Ribosomal L1 domain-containing protein 1 OS=Homo sapiens OX=9606 GN=RSL1D1 PE=1 SV=3,,8.0,,,,,,,,,5.0,,,6.5,2.1213203435596424,5.0,8.0,2,15.384615384615385
RPL37,60S ribosomal protein L37 OS=Homo sapiens OX=9606 GN=RPL37 PE=1 SV=2,,48.0,,19.0,19.0,37.0,39.0,39.0,,26.0,40.0,,,33.375,10.702970215252,19.0,48.0,8,61.53846153846154
RPL35A,60S ribosomal protein L35a OS=Homo sapiens OX=9606 GN=RPL35A PE=1 SV=2,,73.0,20.0,35.0,35.0,67.0,67.0,76.0,19.0,35.0,75.0,,,50.2,23.436912955611046,19.0,76.0,10,76.92307692307692
RPS27A,Ubiquitin-40S ribosomal protein S27a OS=Homo sapiens OX=9606 GN=RPS27A PE=1 SV=2,,51.0,55.0,54.0,31.0,62.0,71.0,55.0,49.0,60.0,51.0,,,53.9,10.34354334301785,31.0,71.0,10,76.92307692307692
RPLP1,60S acidic ribosomal protein P1 OS=Homo sapiens OX=9606 GN=RPLP1 PE=1 SV=1,,67.0,,52.0,,,52.0,72.0,,52.0,56.0,,,58.5,8.803408430829505,52.0,72.0,6,46.15384615384615
UBA52,Ubiquitin-60S ribosomal protein L40 OS=Homo sapiens OX=9606 GN=UBA52 PE=1 SV=2,,33.0,,49.0,20.0,45.0,50.0,45.0,,50.0,38.0,,,41.25,10.49829918197637,20.0,50.0,8,61.53846153846154
RPL36,60S ribosomal protein L36 OS=Homo sapiens OX=9606 GN=RPL36 PE=1 SV=3,,42.0,15.0,32.0,29.0,36.0,35.0,40.0,,20.0,46.0,,,32.77777777777778,10.133826742373508,15.0,46.0,9,69.23076923076923
BRIX1,Ribosome biogenesis protein BRX1 homolog OS=Homo sapiens OX=9606 GN=BRIX1 PE=1 SV=2,,18.0,,,,5.0,7.0,14.0,,,8.0,,,10.4,5.412947441089743,5.0,18.0,5,38.46153846153846
PRPS1,Ribose-phosphate pyrophosphokinase 1 OS=Homo sapiens OX=9606 GN=PRPS1 PE=1 SV=2,,,,10.0,,,,,,,,,,10.0,,10.0,10.0,1,7.6923076923076925
BOP1,Ribosome biogenesis protein BOP1 OS=Homo sapiens OX=9606 GN=BOP1 PE=1 SV=2,,,,,,3.0,,,,,,,,3.0,,3.0,3.0,1,7.6923076923076925
NSA2,Ribosome biogenesis protein NSA2 homolog OS=Homo sapiens OX=9606 GN=NSA2 PE=1 SV=1,,,,,,7.0,9.0,,,,,,,8.0,1.4142135623730951,7.0,9.0,2,15.384615384615385
NMD3,60S ribosomal export protein NMD3 OS=Homo sapiens OX=9606 GN=NMD3 PE=1 SV=1,,,,,,,7.0,15.0,,,,,,11.0,5.656854249492381,7.0,15.0,2,15.384615384615385
rplB,50S ribosomal protein L2 OS=Escherichia coli (strain K12) OX=83333 GN=rplB PE=1 SV=2,,,,,,,,,,,,,92.0,92.0,,92.0,92.0,1,7.6923076923076925
rpsE,30S ribosomal protein S5 OS=Escherichia coli (strain K12) OX=83333 GN=rpsE PE=1 SV=2,,,,,,,,,,,,,85.0,85.0,,85.0,85.0,1,7.6923076923076925
rpsD,30S ribosomal protein S4 OS=Escherichia coli (strain K12) OX=83333 GN=rpsD PE=1 SV=2,,,,,,,,,,,,,94.0,94.0,,94.0,94.0,1,7.6923076923076925
rpsG,30S ribosomal protein S7 OS=Escherichia coli (strain K12) OX=83333 GN=rpsG PE=1 SV=3,,,,,,,,,,,,,93.0,93.0,,93.0,93.0,1,7.6923076923076925
rplO,50S ribosomal protein L15 OS=Escherichia coli (strain K12) OX=83333 GN=rplO PE=1 SV=1,,,,,,,,,,,,,94.0,94.0,,94.0,94.0,1,7.6923076923076925
rplJ,50S ribosomal protein L10 OS=Escherichia coli (strain K12) OX=83333 GN=rplJ PE=1 SV=2,,,,,,,,,,,,,100.0,100.0,,100.0,100.0,1,7.6923076923076925
rplC,50S ribosomal protein L3 OS=Escherichia coli (strain K12) OX=83333 GN=rplC PE=1 SV=1,,,,,,,,,,,,,80.0,80.0,,80.0,80.0,1,7.6923076923076925
rplR,50S ribosomal protein L18 OS=Escherichia coli (strain K12) OX=83333 GN=rplR PE=1 SV=1,,,,,,,,,,,,,68.0,68.0,,68.0,68.0,1,7.6923076923076925
rpsL,30S ribosomal protein S12 OS=Escherichia coli (strain K12) OX=83333 GN=rpsL PE=1 SV=2,,,,,,,,,,,,,70.0,70.0,,70.0,70.0,1,7.6923076923076925
rplE,50S ribosomal protein L5 OS=Escherichia coli (strain K12) OX=83333 GN=rplE PE=1 SV=2,,,,,,,,,,,,,100.0,100.0,,100.0,100.0,1,7.6923076923076925
rplA,50S ribosomal protein L1 OS=Escherichia coli (strain K12) OX=83333 GN=rplA PE=1 SV=2,,,,,,,,,,,,,71.0,71.0,,71.0,71.0,1,7.6923076923076925
rplQ,50S ribosomal protein L17 OS=Escherichia coli (strain K12) OX=83333 GN=rplQ PE=1 SV=1,,,,,,,,,,,,,86.0,86.0,,86.0,86.0,1,7.6923076923076925
rpsB,30S ribosomal protein S2 OS=Escherichia coli (strain K12) OX=83333 GN=rpsB PE=1 SV=2,,,,,,,,,,,,,75.0,75.0,,75.0,75.0,1,7.6923076923076925
rplV,50S ribosomal protein L22 OS=Escherichia coli (strain K12) OX=83333 GN=rplV PE=1 SV=1,,,,,,,,,,,,,80.0,80.0,,80.0,80.0,1,7.6923076923076925
rpsC,30S ribosomal protein S3 OS=Escherichia coli (strain K12) OX=83333 GN=rpsC PE=1 SV=2,,,,,,,,,,,,,93.0,93.0,,93.0,93.0,1,7.6923076923076925
rplD,50S ribosomal protein L4 OS=Escherichia coli (strain K12) OX=83333 GN=rplD PE=1 SV=1,,,,,,,,,,,,,84.0,84.0,,84.0,84.0,1,7.6923076923076925
rplF,50S ribosomal protein L6 OS=Escherichia coli (strain K12) OX=83333 GN=rplF PE=1 SV=2,,,,,,,,,,,,,73.0,73.0,,73.0,73.0,1,7.6923076923076925
rpsI,30S ribosomal protein S9 OS=Escherichia coli (strain K12) OX=83333 GN=rpsI PE=1 SV=2,,,,,,,,,,,,,79.0,79.0,,79.0,79.0,1,7.6923076923076925
rpsN,30S ribosomal protein S14 OS=Escherichia coli (strain K12) OX=83333 GN=rpsN PE=1 SV=2,,,,,,,,,,,,,81.0,81.0,,81.0,81.0,1,7.6923076923076925
rplN,50S ribosomal protein L14 OS=Escherichia coli (strain K12) OX=83333 GN=rplN PE=1 SV=1,,,,,,,,,,,,,98.0,98.0,,98.0,98.0,1,7.6923076923076925
rpsQ,30S ribosomal protein S17 OS=Escherichia coli (strain K12) OX=83333 GN=rpsQ PE=1 SV=2,,,,,,,,,,,,,100.0,100.0,,100.0,100.0,1,7.6923076923076925
rplM,50S ribosomal protein L13 OS=Escherichia coli (strain K12) OX=83333 GN=rplM PE=1 SV=1,,,,,,,,,,,,,93.0,93.0,,93.0,93.0,1,7.6923076923076925
rplK,50S ribosomal protein L11 OS=Escherichia coli (strain K12) OX=83333 GN=rplK PE=1 SV=2,,,,,,,,,,,,,63.0,63.0,,63.0,63.0,1,7.6923076923076925
rpsK,30S ribosomal protein S11 OS=Escherichia coli (strain K12) OX=83333 GN=rpsK PE=1 SV=2,,,,,,,,,,,,,72.0,72.0,,72.0,72.0,1,7.6923076923076925
rplI,50S ribosomal protein L9 OS=Escherichia coli (strain K12) OX=83333 GN=rplI PE=1 SV=1,,,,,,,,,,,,,91.0,91.0,,91.0,91.0,1,7.6923076923076925
rpmD,50S ribosomal protein L30 OS=Escherichia coli (strain K12) OX=83333 GN=rpmD PE=1 SV=2,,,,,,,,,,,,,100.0,100.0,,100.0,100.0,1,7.6923076923076925
rpsJ,30S ribosomal protein S10 OS=Escherichia coli (strain K12) OX=83333 GN=rpsJ PE=1 SV=1,,,,,,,,,,,,,78.0,78.0,,78.0,78.0,1,7.6923076923076925
rpmC,50S ribosomal protein L29 OS=Escherichia coli (strain K12) OX=83333 GN=rpmC PE=1 SV=1,,,,,,,,,,,,,94.0,94.0,,94.0,94.0,1,7.6923076923076925
rplL,50S ribosomal protein L7/L12 OS=Escherichia coli (strain K12) OX=83333 GN=rplL PE=1 SV=2,,,,,,,,,,,,,50.0,50.0,,50.0,50.0,1,7.6923076923076925
rpmG,50S ribosomal protein L33 OS=Escherichia coli (strain K12) OX=83333 GN=rpmG PE=1 SV=2,,,,,,,,,,,,,89.0,89.0,,89.0,89.0,1,7.6923076923076925
rpmE,50S ribosomal protein L31 OS=Escherichia coli (strain K12) OX=83333 GN=rpmE PE=1 SV=1,,,,,,,,,,,,,100.0,100.0,,100.0,100.0,1,7.6923076923076925
rpsF,30S ribosomal protein S6 OS=Escherichia coli (strain K12) OX=83333 GN=rpsF PE=1 SV=1,,,,,,,,,,,,,77.0,77.0,,77.0,77.0,1,7.6923076923076925
rpsH,30S ribosomal protein S8 OS=Escherichia coli (strain K12) OX=83333 GN=rpsH PE=1 SV=2,,,,,,,,,,,,,87.0,87.0,,87.0,87.0,1,7.6923076923076925
rplS,50S ribosomal protein L19 OS=Escherichia coli (strain K12) OX=83333 GN=rplS PE=1 SV=2,,,,,,,,,,,,,91.0,91.0,,91.0,91.0,1,7.6923076923076925
rpsM,30S ribosomal protein S13 OS=Escherichia coli (strain K12) OX=83333 GN=rpsM PE=1 SV=2,,,,,,,,,,,,,84.0,84.0,,84.0,84.0,1,7.6923076923076925
rpsT,30S ribosomal protein S20 OS=Escherichia coli (strain K12) OX=83333 GN=rpsT PE=1 SV=2,,,,,,,,,,,,,78.0,78.0,,78.0,78.0,1,7.6923076923076925
rpsO,30S ribosomal protein S15 OS=Escherichia coli (strain K12) OX=83333 GN=rpsO PE=1 SV=2,,,,,,,,,,,,,83.0,83.0,,83.0,83.0,1,7.6923076923076925
rplT,50S ribosomal protein L20 OS=Escherichia coli (strain K12) OX=83333 GN=rplT PE=1 SV=2,,,,,,,,,,,,,70.0,70.0,,70.0,70.0,1,7.6923076923076925
rpsA,30S ribosomal protein S1 OS=Escherichia coli (strain K12) OX=83333 GN=rpsA PE=1 SV=1,,,,,,,,,,,,,65.0,65.0,,65.0,65.0,1,7.6923076923076925
rpsU,30S ribosomal protein S21 OS=Escherichia coli (strain K12) OX=83333 GN=rpsU PE=1 SV=2,,,,,,,,,,,,,73.0,73.0,,73.0,73.0,1,7.6923076923076925
rplX,50S ribosomal protein L24 OS=Escherichia coli (strain K12) OX=83333 GN=rplX PE=1 SV=2,,,,,,,,,,,,,95.0,95.0,,95.0,95.0,1,7.6923076923076925
rpmB,50S ribosomal protein L28 OS=Escherichia coli (strain K12) OX=83333 GN=rpmB PE=1 SV=2,,,,,,,,,,,,,91.0,91.0,,91.0,91.0,1,7.6923076923076925
rplY,50S ribosomal protein L25 OS=Escherichia coli (strain K12) OX=83333 GN=rplY PE=1 SV=1,,,,,,,,,,,,,95.0,95.0,,95.0,95.0,1,7.6923076923076925
rpmH,50S ribosomal protein L34 OS=Escherichia coli (strain K12) OX=83333 GN=rpmH PE=1 SV=1,,,,,,,,,,,,,54.0,54.0,,54.0,54.0,1,7.6923076923076925
rplW,50S ribosomal protein L23 OS=Escherichia coli (strain K12) OX=83333 GN=rplW PE=1 SV=1,,,,,,,,,,,,,62.0,62.0,,62.0,62.0,1,7.6923076923076925
rplU,50S ribosomal protein L21 OS=Escherichia coli (strain K12) OX=83333 GN=rplU PE=1 SV=1,,,,,,,,,,,,,69.0,69.0,,69.0,69.0,1,7.6923076923076925
rpmJ,50S ribosomal protein L36 OS=Escherichia coli (strain K12) OX=83333 GN=rpmJ PE=1 SV=1,,,,,,,,,,,,,84.0,84.0,,84.0,84.0,1,7.6923076923076925
rplP,50S ribosomal protein L16 OS=Escherichia coli (strain K12) OX=83333 GN=rplP PE=1 SV=1,,,,,,,,,,,,,79.0,79.0,,79.0,79.0,1,7.6923076923076925
rpmF,50S ribosomal protein L32 OS=Escherichia coli (strain K12) OX=83333 GN=rpmF PE=1 SV=2,,,,,,,,,,,,,81.0,81.0,,81.0,81.0,1,7.6923076923076925
rpsS,30S ribosomal protein S19 OS=Escherichia coli (strain K12) OX=83333 GN=rpsS PE=1 SV=2,,,,,,,,,,,,,72.0,72.0,,72.0,72.0,1,7.6923076923076925
rpmA,50S ribosomal protein L27 OS=Escherichia coli (strain K12) OX=83333 GN=rpmA PE=1 SV=2,,,,,,,,,,,,,80.0,80.0,,80.0,80.0,1,7.6923076923076925
rpsR,30S ribosomal protein S18 OS=Escherichia coli (strain K12) OX=83333 GN=rpsR PE=1 SV=2,,,,,,,,,,,,,67.0,67.0,,67.0,67.0,1,7.6923076923076925
rpsP,30S ribosomal protein S16 OS=Escherichia coli (strain K12) OX=83333 GN=rpsP PE=1 SV=1,,,,,,,,,,,,,82.0,82.0,,82.0,82.0,1,7.6923076923076925
sra,Stationary-phase-induced ribosome-associated protein OS=Escherichia coli (strain K12) OX=83333 GN=sra PE=1 SV=1,,,,,,,,,,,,,69.0,69.0,,69.0,69.0,1,7.6923076923076925
rpmI,50S ribosomal protein L35 OS=Escherichia coli (strain K12) OX=83333 GN=rpmI PE=1 SV=2,,,,,,,,,,,,,82.0,82.0,,82.0,82.0,1,7.6923076923076925
raiA,Ribosome-associated inhibitor A OS=Escherichia coli (strain K12) OX=83333 GN=raiA PE=1 SV=2,,,,,,,,,,,,,34.0,34.0,,34.0,34.0,1,7.6923076923076925
rsfS,Ribosomal silencing factor RsfS OS=Escherichia coli (strain K12) OX=83333 GN=rsfS PE=1 SV=1,,,,,,,,,,,,,38.0,38.0,,38.0,38.0,1,7.6923076923076925
